is_fraud,AvgAmount,Txns
0,67.6671098126002,1289169
1,531.320091926459,7506
